Image,Predicted_Area_Percent,Mean_Probability,Max_Probability,Risk_Score,Risk_Level
image_100,0.59,0.7981,0.9909,32.8,Moderate
image_101,0.0,0.0,0.1212,0.0,Low
image_102,5.94,0.7268,0.9938,37.99,Moderate
image_103,4.22,0.7237,0.9851,35.27,Moderate
image_104,0.42,0.7176,0.9521,29.33,Moderate
image_105,7.81,0.8688,0.9997,46.47,High
image_106,0.07,0.5557,0.607,22.33,Moderate
image_107,0.07,0.7184,0.816,28.84,Moderate
image_108,0.49,0.795,0.9645,32.53,Moderate
image_109,1.2,0.8701,0.9928,36.6,Moderate
image_10,0.01,0.5844,0.5844,23.38,Moderate
image_110,0.63,0.8507,0.9878,34.98,Moderate
image_111,0.94,0.7996,0.9863,33.39,Moderate
image_112,0.0,0.0,0.4783,0.0,Low
image_113,0.1,0.6985,0.8743,28.09,Moderate
image_114,0.37,0.7598,0.9774,30.95,Moderate
image_115,0.0,0.0,0.1162,0.0,Low
image_116,2.23,0.7835,0.9958,34.68,Moderate
image_117,1.06,0.7944,0.9868,33.37,Moderate
image_118,0.0,0.0,0.1053,0.0,Low
image_119,1.04,0.6926,0.9387,29.27,Moderate
image_11,3.78,0.8707,1.0,40.5,Moderate
image_120,0.45,0.642,0.833,26.36,Moderate
image_121,3.72,0.8452,0.998,39.38,Moderate
image_122,2.27,0.8283,0.9905,36.54,Moderate
image_123,1.29,0.6366,0.7862,27.41,Moderate
image_124,2.18,0.711,0.9183,31.71,Moderate
image_125,2.61,0.7993,0.992,35.89,Moderate
image_126,0.01,0.5758,0.5885,23.05,Moderate
image_127,0.37,0.7857,0.9681,31.98,Moderate
image_128,4.24,0.8076,0.9916,38.67,Moderate
image_129,2.94,0.8626,0.9964,38.92,Moderate
image_12,0.04,0.615,0.6794,24.66,Moderate
image_130,5.91,0.8271,0.9977,41.95,Moderate
image_131,0.22,0.7582,0.9675,30.66,Moderate
image_132,8.84,0.8739,0.9989,48.21,High
image_133,0.0,0.0,0.1335,0.0,Low
image_134,3.68,0.7044,0.929,33.7,Moderate
image_135,1.82,0.8773,0.997,37.83,Moderate
image_136,0.0,0.0,0.1357,0.0,Low
image_137,0.17,0.5951,0.7431,24.06,Moderate
image_138,1.97,0.693,0.9699,30.67,Moderate
image_139,0.52,0.8397,0.992,34.37,Moderate
image_13,4.36,0.8166,0.9997,39.2,Moderate
image_140,0.62,0.8164,0.9808,33.59,Moderate
image_141,0.01,0.5687,0.6365,22.76,Moderate
image_142,2.47,0.7629,0.9837,34.21,Moderate
image_143,1.03,0.7543,0.9748,31.71,Moderate
image_144,0.01,0.5249,0.5249,21.0,Moderate
image_145,6.15,0.8588,0.9982,43.57,Moderate
image_146,4.94,0.8142,0.9937,39.98,Moderate
image_147,0.4,0.7589,0.9905,30.95,Moderate
image_148,0.02,0.5914,0.6596,23.68,Moderate
image_149,6.11,0.8213,0.9908,42.02,Moderate
image_14,0.0,0.0,0.0697,0.0,Low
image_150,0.5,0.6287,0.8137,25.9,Moderate
image_151,0.26,0.7352,0.9034,29.8,Moderate
image_152,12.77,0.9148,0.9967,55.75,High
image_153,0.73,0.732,0.9724,30.37,Moderate
image_154,6.21,0.8528,0.9983,43.43,Moderate
image_155,4.37,0.8247,0.9974,39.54,Moderate
image_156,2.19,0.8993,0.9968,39.25,Moderate
image_157,3.39,0.7835,0.9894,36.43,Moderate
image_158,1.78,0.7793,0.9813,33.84,Moderate
image_159,1.9,0.8068,0.9823,35.12,Moderate
image_15,4.26,0.8504,0.9999,40.41,Moderate
image_160,1.64,0.8786,0.9967,37.6,Moderate
image_161,0.05,0.6557,0.7079,26.3,Moderate
image_162,5.1,0.8446,0.9993,41.44,Moderate
image_163,8.25,0.84,0.997,45.97,High
image_164,0.84,0.7906,0.989,32.89,Moderate
image_165,13.73,0.9469,0.9984,58.47,High
image_166,0.71,0.8521,0.9876,35.15,Moderate
image_167,1.1,0.8212,0.9931,34.5,Moderate
image_168,0.0,0.0,0.151,0.0,Low
image_169,0.3,0.7984,0.9783,32.38,Moderate
image_16,1.48,0.7289,0.9311,31.37,Moderate
image_170,0.0,0.0,0.4908,0.0,Low
image_171,6.87,0.9147,0.9983,46.89,High
image_172,3.69,0.8654,0.9981,40.15,Moderate
image_173,0.0,0.0,0.472,0.0,Low
image_174,10.94,0.8933,0.9994,52.15,High
image_175,0.0,0.0,0.2688,0.0,Low
image_176,0.05,0.6465,0.7611,25.93,Moderate
image_177,4.63,0.6914,0.9696,34.61,Moderate
image_178,0.17,0.7567,0.9069,30.52,Moderate
image_179,0.0,0.0,0.4488,0.0,Low
image_17,0.87,0.6741,0.9107,28.26,Moderate
image_180,2.75,0.8866,0.999,39.59,Moderate
image_181,0.81,0.8431,0.9943,34.93,Moderate
image_182,4.81,0.7673,0.9764,37.91,Moderate
image_183,0.0,0.0,0.1012,0.0,Low
image_184,3.81,0.8512,0.9968,39.76,Moderate
image_185,6.52,0.8881,0.9981,45.3,High
image_186,0.67,0.7574,0.9845,31.3,Moderate
image_187,0.84,0.7807,0.9873,32.48,Moderate
image_188,0.25,0.7117,0.94,28.84,Moderate
image_189,3.44,0.7362,0.9852,34.6,Moderate
image_18,0.0,0.0,0.1923,0.0,Low
image_190,1.9,0.7396,0.9413,32.44,Moderate
image_191,0.0,0.0,0.4098,0.0,Low
image_192,9.53,0.8442,0.9963,48.06,High
image_193,4.65,0.8638,0.9958,41.53,Moderate
image_194,11.16,0.8296,0.9977,49.92,High
image_195,24.24,0.8836,0.9993,71.71,Very High
image_196,7.57,0.9146,0.9985,47.94,High
image_197,0.0,0.0,0.4065,0.0,Low
image_198,0.42,0.6932,0.954,28.36,Moderate
image_199,30.47,0.906,0.9997,81.95,Very High
image_19,0.92,0.8457,0.9983,35.21,Moderate
image_1,0.06,0.7556,0.8778,30.32,Moderate
image_200,0.05,0.7229,0.8668,29.0,Moderate
image_201,0.71,0.6997,0.8875,29.06,Moderate
image_202,0.0,0.0,0.1504,0.0,Low
image_203,1.77,0.7184,0.9331,31.39,Moderate
image_204,0.0,0.0,0.0889,0.0,Low
image_205,2.45,0.8677,0.9911,38.38,Moderate
image_206,0.05,0.6138,0.7689,24.63,Moderate
image_207,0.0,0.0,0.241,0.0,Low
image_208,0.58,0.7424,0.9293,30.57,Moderate
image_209,9.38,0.8408,0.9985,47.7,High
image_20,2.12,0.7409,0.9697,32.81,Moderate
image_210,0.54,0.8556,0.9953,35.04,Moderate
image_211,1.57,0.8061,0.9962,34.6,Moderate
image_212,5.8,0.8117,0.9836,41.16,Moderate
image_213,2.33,0.8489,0.9737,37.45,Moderate
image_214,4.35,0.834,0.9992,39.89,Moderate
image_215,7.18,0.7676,0.9732,41.47,Moderate
image_216,3.61,0.7638,0.9905,35.97,Moderate
image_217,0.0,0.0,0.1157,0.0,Low
image_218,23.46,0.8959,0.9998,71.03,Very High
image_219,0.93,0.7855,0.9776,32.81,Moderate
image_21,0.0,0.0,0.06,0.0,Low
image_220,0.31,0.738,0.9582,29.99,Moderate
image_221,7.24,0.8423,0.9994,44.55,Moderate
image_222,0.16,0.7479,0.9311,30.16,Moderate
image_223,3.49,0.7767,0.9864,36.3,Moderate
image_224,0.18,0.6877,0.8013,27.78,Moderate
image_225,2.46,0.7468,0.9414,33.56,Moderate
image_226,0.1,0.6498,0.8255,26.14,Moderate
image_227,2.11,0.6925,0.9687,30.86,Moderate
image_228,1.87,0.8762,0.9886,37.85,Moderate
image_229,2.15,0.778,0.9912,34.34,Moderate
image_22,14.2,0.869,1.0,56.06,High
image_230,5.07,0.8677,0.9975,42.31,Moderate
image_231,0.26,0.6679,0.895,27.1,Moderate
image_232,0.59,0.7673,0.992,31.58,Moderate
image_233,0.64,0.6657,0.9003,27.59,Moderate
image_234,7.53,0.7792,0.9913,42.47,Moderate
image_235,2.14,0.8452,0.9878,37.02,Moderate
image_236,0.19,0.6928,0.8163,28.0,Moderate
image_237,3.79,0.8241,0.9983,38.65,Moderate
image_238,0.05,0.5979,0.7416,23.99,Moderate
image_239,0.57,0.7361,0.9488,30.3,Moderate
image_23,2.34,0.8289,0.9937,36.66,Moderate
image_240,2.8,0.8404,0.9951,37.81,Moderate
image_241,0.12,0.6461,0.863,26.02,Moderate
image_242,0.03,0.6374,0.7505,25.54,Moderate
image_243,1.04,0.7226,0.9841,30.47,Moderate
image_244,0.71,0.8401,0.9882,34.67,Moderate
image_245,12.1,0.7881,0.9975,49.68,High
image_246,0.0,0.0,0.1668,0.0,Low
image_247,3.35,0.8119,0.9904,37.5,Moderate
image_248,0.65,0.8381,0.9785,34.49,Moderate
image_249,0.06,0.5622,0.64,22.58,Moderate
image_24,45.46,0.9137,1.0,96.55,Very High
image_250,1.05,0.8391,0.9836,35.14,Moderate
image_251,0.93,0.8068,0.9949,33.66,Moderate
image_252,0.12,0.6981,0.8627,28.1,Moderate
image_253,2.25,0.6564,0.8969,29.62,Moderate
image_254,2.2,0.8469,0.9987,37.17,Moderate
image_255,1.29,0.7611,0.9821,32.38,Moderate
image_256,0.0,0.0,0.236,0.0,Low
image_257,1.23,0.8434,0.9986,35.58,Moderate
image_258,0.0,0.0,0.3485,0.0,Low
image_259,2.06,0.8248,0.9866,36.09,Moderate
image_25,23.62,0.9257,1.0,72.46,Very High
image_260,8.13,0.7283,0.9832,41.33,Moderate
image_261,2.01,0.8299,0.9952,36.21,Moderate
image_262,1.22,0.8443,0.998,35.6,Moderate
image_263,0.0,0.0,0.3419,0.0,Low
image_264,11.06,0.8706,0.9997,51.41,High
image_265,8.81,0.7263,0.9754,42.27,Moderate
image_266,0.52,0.7818,0.9475,32.05,Moderate
image_267,6.53,0.8489,0.9994,43.75,Moderate
image_268,4.64,0.846,0.9976,40.8,Moderate
image_269,0.27,0.6415,0.8533,26.07,Moderate
image_26,2.72,0.8143,0.9985,36.65,Moderate
image_270,0.79,0.8357,0.9901,34.61,Moderate
image_271,9.38,0.8771,0.9982,49.16,High
image_272,8.38,0.8644,0.9999,47.15,High
image_273,0.0,0.0,0.1391,0.0,Low
image_274,2.74,0.7585,0.9971,34.45,Moderate
image_275,0.73,0.722,0.9738,29.97,Moderate
image_276,1.82,0.8256,0.9946,35.76,Moderate
image_277,2.28,0.817,0.9962,36.11,Moderate
image_278,0.84,0.7735,0.9763,32.2,Moderate
image_279,0.07,0.6065,0.6827,24.37,Moderate
image_27,4.44,0.82,0.9976,39.46,Moderate
image_280,0.0,0.0,0.1379,0.0,Low
image_281,0.9,0.6794,0.9329,28.53,Moderate
image_282,0.04,0.5848,0.6669,23.44,Moderate
image_283,1.51,0.86,0.9946,36.66,Moderate
image_284,0.56,0.7425,0.9192,30.53,Moderate
image_285,0.68,0.8682,0.9937,35.75,Moderate
image_286,0.01,0.5233,0.5233,20.94,Moderate
image_287,8.63,0.9135,0.9999,49.49,High
image_288,0.0,0.0,0.1011,0.0,Low
image_289,0.0,0.0,0.1059,0.0,Low
image_28,6.09,0.9055,1.0,45.36,High
image_290,2.98,0.7696,0.9856,35.26,Moderate
image_291,1.54,0.8572,0.9982,36.61,Moderate
image_292,15.21,0.7533,0.9808,52.95,High
image_293,0.04,0.7794,0.8809,31.24,Moderate
image_294,0.99,0.761,0.983,31.93,Moderate
image_295,1.29,0.7817,0.9918,33.2,Moderate
image_296,0.12,0.7688,0.9399,30.93,Moderate
image_297,0.12,0.7299,0.8815,29.37,Moderate
image_298,15.0,0.8019,0.9981,54.57,High
image_299,0.11,0.6239,0.7351,25.12,Moderate
image_29,2.09,0.8161,0.9925,35.79,Moderate
image_2,3.97,0.8923,0.9999,41.64,Moderate
image_300,3.47,0.7785,0.9865,36.35,Moderate
image_301,5.35,0.8712,0.9995,42.87,Moderate
image_302,0.0,0.0,0.0963,0.0,Low
image_303,1.45,0.7679,0.9949,32.9,Moderate
image_304,1.75,0.7995,0.9951,34.61,Moderate
image_305,0.38,0.699,0.8683,28.54,Moderate
image_306,4.93,0.8034,0.9961,39.54,Moderate
image_307,5.75,0.8767,0.9997,43.69,Moderate
image_308,0.16,0.755,0.9249,30.45,Moderate
image_309,0.13,0.6405,0.7998,25.81,Moderate
image_30,1.45,0.7886,0.9921,33.71,Moderate
image_310,0.11,0.5752,0.6896,23.17,Moderate
image_311,6.76,0.8945,0.9992,45.92,High
image_312,0.98,0.8002,0.9803,33.47,Moderate
image_313,16.25,0.9311,0.9991,61.63,High
image_314,0.9,0.7769,0.9844,32.43,Moderate
image_315,4.34,0.8171,0.9957,39.19,Moderate
image_316,4.06,0.8667,0.9975,40.76,Moderate
image_317,2.35,0.7947,0.9757,35.31,Moderate
image_318,5.97,0.8851,0.999,44.36,Moderate
image_319,1.26,0.7982,0.9975,33.81,Moderate
image_31,17.16,0.8941,1.0,61.5,High
image_320,1.25,0.8301,0.9915,35.08,Moderate
image_321,0.25,0.7823,0.9846,31.67,Moderate
image_322,1.95,0.6886,0.874,30.47,Moderate
image_323,3.13,0.8392,0.9966,38.26,Moderate
image_324,3.24,0.8126,0.9952,37.36,Moderate
image_325,6.2,0.8146,0.9955,41.89,Moderate
image_326,1.77,0.7627,0.9913,33.16,Moderate
image_327,0.0,0.0,0.1318,0.0,Low
image_328,1.32,0.8067,0.9856,34.24,Moderate
image_329,13.76,0.7631,0.9914,51.16,High
image_32,0.0,0.0,0.1396,0.0,Low
image_330,0.0,0.0,0.1267,0.0,Low
image_331,3.23,0.6878,0.915,32.36,Moderate
image_332,68.16,0.9298,0.9999,97.19,Very High
image_333,1.65,0.8247,0.9958,35.47,Moderate
image_334,3.41,0.8137,0.9943,37.66,Moderate
image_335,2.36,0.7589,0.9853,33.9,Moderate
image_336,19.83,0.9181,0.9991,66.47,High
image_337,0.1,0.5969,0.7901,24.03,Moderate
image_338,0.0,0.0,0.1315,0.0,Low
image_339,0.0,0.0,0.2819,0.0,Low
image_33,1.76,0.8475,0.9957,36.54,Moderate
image_340,0.21,0.8225,0.9887,33.22,Moderate
image_341,1.7,0.8047,0.976,34.74,Moderate
image_342,4.33,0.8856,0.9991,41.91,Moderate
image_343,0.02,0.5898,0.659,23.63,Moderate
image_344,4.88,0.8481,0.9999,41.24,Moderate
image_345,1.1,0.7885,0.9846,33.2,Moderate
image_346,0.42,0.7025,0.9179,28.72,Moderate
image_347,1.15,0.859,0.9984,36.08,Moderate
image_348,0.0,0.0,0.3608,0.0,Low
image_349,0.0,0.0,0.3425,0.0,Low
image_34,5.33,0.864,0.9985,42.55,Moderate
image_350,0.0,0.0,0.4395,0.0,Low
image_351,0.35,0.664,0.903,27.08,Moderate
image_352,1.44,0.7536,0.9746,32.31,Moderate
image_353,1.59,0.8144,0.9948,34.96,Moderate
image_354,2.86,0.75,0.97,34.29,Moderate
image_355,0.0,0.0,0.1997,0.0,Low
image_356,8.08,0.7835,0.9993,43.46,Moderate
image_357,0.54,0.6896,0.9446,28.39,Moderate
image_358,0.02,0.6206,0.7413,24.86,Moderate
image_359,2.14,0.7861,0.9679,34.66,Moderate
image_35,0.0,0.0,0.217,0.0,Low
image_360,0.12,0.8097,0.9755,32.57,Moderate
image_361,0.73,0.6155,0.764,25.72,Moderate
image_362,13.88,0.8392,0.9978,54.39,High
image_363,1.14,0.8098,0.9887,34.1,Moderate
image_364,6.56,0.8756,0.9966,44.86,Moderate
image_365,3.86,0.8341,0.998,39.15,Moderate
image_366,4.33,0.8644,0.9972,41.07,Moderate
image_367,1.12,0.773,0.9857,32.6,Moderate
image_368,3.5,0.7147,0.9716,33.84,Moderate
image_369,1.35,0.7558,0.9723,32.26,Moderate
image_36,0.34,0.5875,0.7069,24.01,Moderate
image_370,17.07,0.7438,0.9789,55.35,High
image_371,1.87,0.7448,0.9593,32.6,Moderate
image_372,1.23,0.7705,0.9825,32.66,Moderate
image_373,0.05,0.59,0.6884,23.68,Moderate
image_374,0.0,0.0,0.4835,0.0,Low
image_375,1.64,0.7704,0.9716,33.28,Moderate
image_376,2.04,0.8623,0.9946,37.55,Moderate
image_377,0.0,0.0,0.0984,0.0,Low
image_378,0.0,0.0,0.3371,0.0,Low
image_379,5.88,0.8372,0.9972,42.31,Moderate
image_37,0.0,0.0,0.154,0.0,Low
image_380,1.51,0.7688,0.9808,33.01,Moderate
image_381,2.31,0.7808,0.9801,34.69,Moderate
image_382,0.25,0.7306,0.8988,29.6,Moderate
image_383,4.16,0.6971,0.9268,34.12,Moderate
image_384,0.54,0.8278,0.9912,33.93,Moderate
image_385,0.23,0.6044,0.734,24.52,Moderate
image_386,0.16,0.7868,0.9598,31.71,Moderate
image_387,0.94,0.7661,0.9743,32.06,Moderate
image_388,0.0,0.0,0.0903,0.0,Low
image_389,0.0,0.0,0.4158,0.0,Low
image_38,9.45,0.8505,0.9961,48.2,High
image_390,5.35,0.7503,0.9645,38.03,Moderate
image_391,0.0,0.0,0.3442,0.0,Low
image_392,5.38,0.8878,0.9994,43.58,Moderate
image_393,1.43,0.8092,0.9909,34.51,Moderate
image_394,0.43,0.8047,0.9827,32.84,Moderate
image_395,6.16,0.8292,0.999,42.41,Moderate
image_396,5.48,0.8363,0.9981,41.67,Moderate
image_397,0.04,0.6616,0.7399,26.52,Moderate
image_398,6.62,0.8815,0.9984,45.19,High
image_399,6.49,0.9128,0.9992,46.24,High
image_39,0.0,0.0,0.1548,0.0,Low
image_3,0.0,0.0,0.0687,0.0,Low
image_400,0.79,0.7052,0.9351,29.39,Moderate
image_401,0.63,0.7977,0.9969,32.86,Moderate
image_402,1.7,0.8442,0.9931,36.32,Moderate
image_403,1.17,0.859,0.9953,36.12,Moderate
image_404,1.98,0.865,0.9989,37.57,Moderate
image_405,0.29,0.7086,0.8904,28.77,Moderate
image_406,0.0,0.0,0.1053,0.0,Low
image_407,12.01,0.7648,0.9844,48.61,High
image_408,1.9,0.7957,0.9841,34.67,Moderate
image_409,0.79,0.7573,0.9602,31.47,Moderate
image_40,6.16,0.8534,0.9982,43.37,Moderate
image_410,3.43,0.8132,0.9961,37.67,Moderate
image_411,3.36,0.8083,0.9854,37.37,Moderate
image_412,2.44,0.8307,0.9973,36.89,Moderate
image_413,1.98,0.7964,0.9934,34.82,Moderate
image_414,2.72,0.7983,0.9944,36.01,Moderate
image_415,0.26,0.8014,0.9674,32.45,Moderate
image_416,9.7,0.873,0.998,49.47,High
image_417,2.07,0.7372,0.9584,32.59,Moderate
image_418,0.0,0.0,0.1495,0.0,Low
image_419,0.0,0.0,0.1284,0.0,Low
image_41,27.62,0.9242,0.9998,78.41,Very High
image_420,3.09,0.85,0.9981,38.63,Moderate
image_421,0.0,0.0,0.1664,0.0,Low
image_422,2.34,0.7593,0.9898,33.88,Moderate
image_423,0.85,0.7335,0.9701,30.61,Moderate
image_424,1.78,0.8244,0.9977,35.65,Moderate
image_425,0.0,0.0,0.0995,0.0,Low
image_426,3.0,0.8603,0.9997,38.91,Moderate
image_427,1.97,0.8619,0.9921,37.42,Moderate
image_428,0.0,0.0,0.1254,0.0,Low
image_429,2.54,0.8465,0.9935,37.67,Moderate
image_42,6.06,0.8554,0.9993,43.31,Moderate
image_430,0.0,0.0,0.1667,0.0,Low
image_431,0.34,0.7695,0.9333,31.29,Moderate
image_432,1.75,0.78,0.9991,33.83,Moderate
image_433,0.78,0.8465,0.9919,35.02,Moderate
image_434,0.12,0.6203,0.7565,24.99,Moderate
image_435,0.1,0.5798,0.6801,23.34,Moderate
image_436,0.0,0.0,0.1808,0.0,Low
image_437,12.72,0.7689,0.9887,49.83,High
image_438,15.54,0.75,0.9808,53.31,High
image_439,5.87,0.8606,0.9984,43.23,Moderate
image_43,0.02,0.6755,0.7992,27.06,Moderate
image_440,4.33,0.8266,0.9991,39.56,Moderate
image_441,0.48,0.7343,0.9844,30.09,Moderate
image_442,0.08,0.5813,0.6385,23.37,Moderate
image_443,0.26,0.6685,0.8341,27.13,Moderate
image_444,1.92,0.6742,0.8897,29.85,Moderate
image_445,0.33,0.8101,0.9668,32.9,Moderate
image_446,0.37,0.6295,0.8009,25.73,Moderate
image_447,1.64,0.8557,0.9918,36.69,Moderate
image_448,0.0,0.0,0.1453,0.0,Low
image_449,1.32,0.8039,0.9927,34.14,Moderate
image_44,0.0,0.0,0.1317,0.0,Low
image_450,4.53,0.8264,0.9985,39.85,Moderate
image_451,0.0,0.0,0.0827,0.0,Low
image_452,0.83,0.7138,0.9207,29.8,Moderate
image_453,9.94,0.8835,0.9999,50.25,High
image_454,4.23,0.8894,0.9987,41.92,Moderate
image_455,4.65,0.7965,0.9921,38.84,Moderate
image_456,0.38,0.8038,0.9765,32.73,Moderate
image_457,1.15,0.846,0.9974,35.56,Moderate
image_458,0.78,0.7867,0.9673,32.64,Moderate
image_459,0.37,0.6599,0.8925,26.95,Moderate
image_45,2.49,0.7748,0.9901,34.73,Moderate
image_460,0.06,0.7696,0.8939,30.87,Moderate
image_461,0.29,0.8149,0.9898,33.03,Moderate
image_462,10.61,0.8802,1.0,51.12,High
image_463,0.0,0.0,0.2332,0.0,Low
image_464,0.09,0.6117,0.6762,24.6,Moderate
image_465,1.23,0.7575,0.9849,32.14,Moderate
image_466,0.2,0.6771,0.8896,27.38,Moderate
image_467,4.99,0.7182,0.9748,36.21,Moderate
image_468,1.98,0.7919,0.9836,34.64,Moderate
image_469,3.47,0.8589,0.9984,39.57,Moderate
image_46,2.08,0.7579,0.9699,33.43,Moderate
image_470,1.24,0.7965,0.9944,33.72,Moderate
image_471,22.72,0.8537,1.0,68.23,High
image_472,0.16,0.6354,0.8077,25.66,Moderate
image_473,0.91,0.7365,0.9473,30.82,Moderate
image_474,2.22,0.7926,0.9965,35.04,Moderate
image_475,0.37,0.7869,0.9977,32.03,Moderate
image_476,2.09,0.7698,0.9965,33.92,Moderate
image_477,9.45,0.9243,1.0,51.15,High
image_478,2.98,0.7913,0.9986,36.12,Moderate
image_479,0.0,0.0,0.1424,0.0,Low
image_47,0.02,0.5886,0.6416,23.58,Moderate
image_480,0.0,0.0,0.1469,0.0,Low
image_481,1.49,0.7931,0.9966,33.96,Moderate
image_482,12.33,0.8057,1.0,50.72,High
image_483,1.0,0.8849,0.9956,36.9,Moderate
image_484,6.12,0.7467,0.9784,39.04,Moderate
image_485,1.36,0.7254,0.9553,31.06,Moderate
image_486,0.07,0.5803,0.6707,23.32,Moderate
image_487,6.24,0.7825,0.9934,40.66,Moderate
image_488,0.15,0.7421,0.928,29.91,Moderate
image_489,0.2,0.8398,0.9656,33.89,Moderate
image_48,2.25,0.8517,0.9992,37.44,Moderate
image_490,5.8,0.7181,0.9551,37.43,Moderate
image_491,48.04,0.9353,0.9999,97.41,Very High
image_492,1.37,0.791,0.9877,33.69,Moderate
image_493,2.91,0.6728,0.9497,31.28,Moderate
image_494,0.21,0.6593,0.8452,26.68,Moderate
image_495,4.3,0.802,0.9824,38.54,Moderate
image_496,2.05,0.8166,0.991,35.74,Moderate
image_497,9.23,0.8844,0.9992,49.22,High
image_498,1.76,0.7295,0.9848,31.82,Moderate
image_499,0.0,0.0,0.102,0.0,Low
image_49,1.26,0.8272,0.9957,34.97,Moderate
image_4,9.63,0.887,1.0,49.93,High
image_500,1.52,0.8076,0.993,34.58,Moderate
image_501,2.03,0.7831,0.9753,34.37,Moderate
image_502,1.87,0.6496,0.8283,28.79,Moderate
image_503,0.43,0.6648,0.9143,27.23,Moderate
image_504,2.98,0.7757,0.986,35.5,Moderate
image_505,17.25,0.9251,0.9997,62.89,High
image_506,0.65,0.8182,0.9828,33.7,Moderate
image_507,1.06,0.8643,0.9953,36.16,Moderate
image_508,0.26,0.7248,0.9399,29.38,Moderate
image_509,0.0,0.0,0.4608,0.0,Low
image_50,1.16,0.6557,0.879,27.97,Moderate
image_510,0.98,0.7824,0.9835,32.77,Moderate
image_511,1.0,0.749,0.9868,31.46,Moderate
image_512,0.0,0.0,0.1933,0.0,Low
image_513,0.0,0.0,0.1159,0.0,Low
image_514,0.39,0.8537,0.9831,34.73,Moderate
image_515,0.51,0.746,0.9683,30.61,Moderate
image_516,3.57,0.8301,0.9958,38.56,Moderate
image_517,0.26,0.8061,0.9851,32.63,Moderate
image_518,3.47,0.867,0.9981,39.89,Moderate
image_519,7.12,0.8771,0.9979,45.76,High
image_51,2.51,0.8217,0.9979,36.63,Moderate
image_520,3.33,0.8276,0.9977,38.09,Moderate
image_521,4.42,0.8647,0.9973,41.22,Moderate
image_522,1.68,0.8106,0.9907,34.94,Moderate
image_523,1.46,0.7581,0.9976,32.52,Moderate
image_524,2.57,0.7126,0.9082,32.36,Moderate
image_525,3.0,0.6837,0.9011,31.84,Moderate
image_526,0.49,0.7856,0.9905,32.16,Moderate
image_527,4.14,0.8572,0.9966,40.51,Moderate
image_528,4.72,0.8455,0.9965,40.91,Moderate
image_529,4.31,0.7546,0.9873,36.65,Moderate
image_52,1.48,0.8405,0.9995,35.85,Moderate
image_530,8.17,0.894,0.9996,48.02,High
image_531,2.6,0.7921,0.9869,35.58,Moderate
image_532,0.64,0.8547,0.9927,35.15,Moderate
image_533,0.0,0.0,0.1147,0.0,Low
image_534,0.02,0.5605,0.6019,22.45,Moderate
image_535,1.15,0.8326,0.9983,35.03,Moderate
image_536,5.25,0.8329,0.9908,41.19,Moderate
image_537,1.47,0.8172,0.9924,34.89,Moderate
image_538,1.02,0.8423,0.9952,35.22,Moderate
image_539,2.76,0.8407,0.9962,37.77,Moderate
image_53,3.9,0.793,0.9926,37.57,Moderate
image_540,0.0,0.0,0.1032,0.0,Low
image_541,0.05,0.6004,0.7188,24.1,Moderate
image_542,2.05,0.7421,0.9724,32.76,Moderate
image_543,1.02,0.7794,0.9917,32.71,Moderate
image_544,0.71,0.7901,0.9886,32.66,Moderate
image_545,5.98,0.8743,0.9976,43.94,Moderate
image_546,0.92,0.7491,0.9761,31.34,Moderate
image_547,3.36,0.8837,1.0,40.38,Moderate
image_548,1.18,0.7873,0.9967,33.27,Moderate
image_549,0.03,0.6559,0.748,26.28,Moderate
image_54,0.1,0.7566,0.9159,30.42,Moderate
image_550,1.56,0.6205,0.8011,27.16,Moderate
image_551,4.09,0.7947,0.9885,37.92,Moderate
image_552,0.02,0.6827,0.7061,27.34,Moderate
image_553,0.5,0.7961,0.9663,32.59,Moderate
image_554,6.35,0.8342,0.9992,42.89,Moderate
image_555,1.65,0.6938,0.9565,30.23,Moderate
image_556,0.42,0.7485,0.9422,30.56,Moderate
image_557,0.0,0.0,0.1287,0.0,Low
image_558,0.06,0.6063,0.7789,24.34,Moderate
image_559,2.22,0.7723,0.9867,34.22,Moderate
image_55,9.24,0.8518,0.9956,47.93,High
image_560,0.0,0.0,0.1637,0.0,Low
image_561,0.55,0.7716,0.9707,31.69,Moderate
image_562,7.34,0.8876,0.9991,46.52,High
image_563,0.01,0.5135,0.5135,20.55,Moderate
image_564,3.8,0.8761,0.997,40.74,Moderate
image_565,13.49,0.8236,0.9975,53.19,High
image_566,1.97,0.8088,0.9941,35.31,Moderate
image_567,0.0,0.0,0.1077,0.0,Low
image_568,0.85,0.8844,0.9947,36.65,Moderate
image_569,0.07,0.6559,0.748,26.34,Moderate
image_56,0.3,0.7875,0.9789,31.95,Moderate
image_570,1.78,0.7836,0.9853,34.01,Moderate
image_571,0.02,0.5669,0.6247,22.71,Moderate
image_572,2.22,0.8205,0.9896,36.15,Moderate
image_573,5.13,0.9479,0.9998,45.61,High
image_574,2.76,0.6857,0.9289,31.58,Moderate
image_575,0.04,0.7082,0.8178,28.39,Moderate
image_576,3.23,0.828,0.9969,37.96,Moderate
image_577,1.28,0.77,0.9791,32.72,Moderate
image_578,6.93,0.8172,0.9975,43.08,Moderate
image_579,0.05,0.634,0.7393,25.43,Moderate
image_57,0.0,0.0,0.4037,0.0,Low
image_580,2.88,0.7918,0.9875,35.99,Moderate
image_581,0.0,0.0,0.1397,0.0,Low
image_582,0.01,0.5946,0.6589,23.8,Moderate
image_583,4.15,0.7883,0.9803,37.76,Moderate
image_584,4.52,0.8518,0.998,40.86,Moderate
image_585,0.78,0.7461,0.967,31.01,Moderate
image_586,8.2,0.9065,0.9989,48.56,High
image_587,1.72,0.808,0.9945,34.9,Moderate
image_588,0.18,0.6509,0.8162,26.3,Moderate
image_589,1.9,0.8524,0.999,36.95,Moderate
image_58,7.55,0.7902,0.9915,42.93,Moderate
image_590,0.57,0.7212,0.9527,29.71,Moderate
image_591,0.93,0.788,0.9947,32.92,Moderate
image_592,3.29,0.8693,0.995,39.71,Moderate
image_593,0.31,0.7588,0.979,30.81,Moderate
image_594,2.31,0.7519,0.9832,33.55,Moderate
image_595,0.11,0.7121,0.9098,28.65,Moderate
image_596,1.97,0.7614,0.995,33.41,Moderate
image_597,0.75,0.7551,0.9563,31.33,Moderate
image_598,0.0,0.0,0.2041,0.0,Low
image_599,6.21,0.8768,0.997,44.39,Moderate
image_59,3.61,0.8777,0.9988,40.52,Moderate
image_5,6.14,0.8706,1.0,44.03,Moderate
image_600,5.6,0.8745,0.9978,43.38,Moderate
image_601,1.82,0.831,0.9939,35.98,Moderate
image_602,1.21,0.7378,0.9547,31.33,Moderate
image_603,8.98,0.8605,0.9944,47.9,High
image_604,4.19,0.884,0.998,41.64,Moderate
image_605,23.28,0.9109,0.9997,71.37,Very High
image_606,8.05,0.9135,0.9994,48.62,High
image_607,1.28,0.8645,0.991,36.5,Moderate
image_608,1.63,0.8771,0.9973,37.53,Moderate
image_609,5.66,0.7863,0.9937,39.95,Moderate
image_60,0.02,0.6195,0.7271,24.82,Moderate
image_610,1.57,0.8071,0.9957,34.64,Moderate
image_611,2.45,0.8191,0.9944,36.44,Moderate
image_612,0.49,0.6073,0.8202,25.02,Moderate
image_613,11.89,0.9294,0.9989,55.01,High
image_614,0.0,0.0,0.3675,0.0,Low
image_615,8.94,0.872,0.9993,48.29,High
image_616,4.24,0.803,0.979,38.48,Moderate
image_617,2.77,0.8617,0.9995,38.62,Moderate
image_618,2.72,0.8368,0.9958,37.54,Moderate
image_619,23.14,0.9348,0.9998,72.11,Very High
image_61,0.89,0.6962,0.9461,29.17,Moderate
image_620,0.58,0.7353,0.9801,30.28,Moderate
image_621,0.16,0.8222,0.972,33.12,Moderate
image_622,8.19,0.769,0.9912,43.05,Moderate
image_623,4.5,0.8161,0.9991,39.4,Moderate
image_624,0.87,0.7593,0.9379,31.68,Moderate
image_625,0.26,0.635,0.7864,25.78,Moderate
image_626,0.54,0.7645,0.9803,31.39,Moderate
image_627,0.26,0.6205,0.8454,25.21,Moderate
image_628,4.95,0.8416,0.998,41.09,Moderate
image_629,5.82,0.8554,0.9967,42.94,Moderate
image_62,0.57,0.7956,0.9538,32.67,Moderate
image_630,0.0,0.0,0.0635,0.0,Low
image_631,0.25,0.7859,0.9824,31.81,Moderate
image_632,2.18,0.8029,0.9975,35.39,Moderate
image_633,0.0,0.0,0.2105,0.0,Low
image_634,0.29,0.719,0.9398,29.2,Moderate
image_635,0.35,0.8068,0.9673,32.8,Moderate
image_636,4.23,0.9339,1.0,43.7,Moderate
image_637,1.23,0.7753,0.9742,32.85,Moderate
image_638,1.73,0.8355,0.9943,36.02,Moderate
image_639,10.26,0.9315,0.9999,52.65,High
image_63,0.0,0.0,0.1736,0.0,Low
image_640,1.38,0.7674,0.9738,32.77,Moderate
image_641,2.92,0.8702,0.9976,39.19,Moderate
image_642,27.62,0.8441,0.9994,75.19,Very High
image_643,5.06,0.716,0.9098,36.23,Moderate
image_644,2.13,0.8018,0.9972,35.27,Moderate
image_645,10.01,0.847,1.0,48.9,High
image_646,12.75,0.8844,0.9986,54.5,High
image_647,0.16,0.6864,0.9094,27.7,Moderate
image_648,0.0,0.0,0.2786,0.0,Low
image_649,0.46,0.8059,0.9982,32.92,Moderate
image_64,2.33,0.8187,0.9936,36.25,Moderate
image_650,6.66,0.7565,0.9949,40.25,Moderate
image_651,4.2,0.6882,0.9555,33.83,Moderate
image_652,9.81,0.8627,0.9995,49.23,High
image_653,0.0,0.0,0.1122,0.0,Low
image_654,2.17,0.8378,0.9945,36.76,Moderate
image_655,2.76,0.8245,0.9971,37.12,Moderate
image_656,0.9,0.7491,0.9346,31.32,Moderate
image_657,7.32,0.8392,0.9847,44.55,Moderate
image_658,11.38,0.8924,0.9942,52.77,High
image_659,0.48,0.7253,0.9127,29.73,Moderate
image_65,2.17,0.8275,0.9936,36.35,Moderate
image_660,2.8,0.8788,1.0,39.35,Moderate
image_661,1.64,0.7373,0.9546,31.95,Moderate
image_662,2.0,0.7899,0.9896,34.6,Moderate
image_663,0.79,0.7614,0.9728,31.64,Moderate
image_664,13.87,0.8376,0.9998,54.3,High
image_665,3.6,0.7985,0.9969,37.34,Moderate
image_666,3.5,0.8425,0.9956,38.95,Moderate
image_667,0.86,0.821,0.9917,34.13,Moderate
image_668,1.34,0.7711,0.9328,32.86,Moderate
image_669,0.27,0.6962,0.9082,28.26,Moderate
image_66,7.31,0.819,0.9963,43.73,Moderate
image_670,1.73,0.8131,0.9977,35.13,Moderate
image_671,0.42,0.8469,0.984,34.51,Moderate
image_672,4.82,0.7968,0.9906,39.1,Moderate
image_673,1.39,0.8339,0.9932,35.44,Moderate
image_674,0.51,0.7487,0.9307,30.71,Moderate
image_675,0.12,0.7108,0.8907,28.6,Moderate
image_676,1.46,0.8365,0.994,35.66,Moderate
image_677,7.4,0.8541,0.999,45.27,High
image_678,7.98,0.8365,0.9984,45.43,High
image_679,0.45,0.7861,0.9713,32.12,Moderate
image_67,0.0,0.0,0.1383,0.0,Low
image_680,5.98,0.8028,0.9902,41.07,Moderate
image_681,16.33,0.773,0.9794,55.42,High
image_682,0.26,0.7336,0.9785,29.73,Moderate
image_683,0.87,0.8271,0.9903,34.39,Moderate
image_684,1.09,0.7197,0.9418,30.43,Moderate
image_685,0.03,0.5871,0.7361,23.53,Moderate
image_686,0.81,0.7755,0.9952,32.24,Moderate
image_687,0.82,0.7849,0.9947,32.62,Moderate
image_688,0.0,0.0,0.0755,0.0,Low
image_689,1.09,0.685,0.9288,29.03,Moderate
image_68,1.59,0.8501,0.987,36.39,Moderate
image_690,0.98,0.8725,0.9991,36.36,Moderate
image_691,0.09,0.7119,0.885,28.61,Moderate
image_692,1.92,0.8764,0.9953,37.94,Moderate
image_693,0.48,0.7192,0.9716,29.48,Moderate
image_694,1.79,0.8012,0.995,34.73,Moderate
image_695,5.25,0.8246,0.9992,40.86,Moderate
image_696,5.46,0.79,0.9944,39.78,Moderate
image_697,4.05,0.8263,0.9954,39.13,Moderate
image_698,3.51,0.8436,0.9961,39.01,Moderate
image_699,7.75,0.8285,0.9988,44.77,Moderate
image_69,1.22,0.691,0.9103,29.47,Moderate
image_6,6.97,0.8243,0.9997,43.43,Moderate
image_700,0.74,0.7039,0.8906,29.27,Moderate
image_701,6.23,0.9066,0.9982,45.6,High
image_702,1.12,0.872,0.9976,36.57,Moderate
image_703,1.79,0.8426,0.9917,36.39,Moderate
image_704,2.56,0.8218,0.9936,36.71,Moderate
image_705,1.64,0.8285,0.9964,35.59,Moderate
image_706,0.94,0.8198,0.9924,34.2,Moderate
image_707,3.72,0.8402,0.9972,39.19,Moderate
image_708,0.74,0.83,0.9878,34.31,Moderate
image_709,0.3,0.8294,0.9787,33.63,Moderate
image_70,0.52,0.7496,0.9533,30.76,Moderate
image_710,0.95,0.748,0.99,31.34,Moderate
image_711,0.79,0.821,0.997,34.02,Moderate
image_712,0.18,0.6502,0.8362,26.27,Moderate
image_713,0.45,0.8727,0.9928,35.58,Moderate
image_714,0.1,0.7065,0.8466,28.42,Moderate
image_715,15.82,0.885,0.9995,59.13,High
image_716,3.84,0.724,0.9896,34.72,Moderate
image_717,0.49,0.7049,0.9071,28.94,Moderate
image_718,7.25,0.8789,0.9982,46.03,High
image_719,2.73,0.9007,0.998,40.12,Moderate
image_71,2.56,0.786,0.9963,35.29,Moderate
image_720,0.4,0.7808,0.974,31.84,Moderate
image_721,0.7,0.773,0.9921,31.96,Moderate
image_722,3.28,0.7459,0.9838,34.75,Moderate
image_723,1.86,0.817,0.975,35.46,Moderate
image_724,2.5,0.8811,0.9989,38.99,Moderate
image_725,1.29,0.899,0.9985,37.9,Moderate
image_726,4.01,0.7748,0.9878,37.01,Moderate
image_727,6.62,0.8177,0.9953,42.63,Moderate
image_728,0.71,0.8063,0.9767,33.32,Moderate
image_729,1.6,0.9099,0.9957,38.79,Moderate
image_72,1.53,0.877,0.9903,37.38,Moderate
image_730,2.12,0.7794,0.9577,34.35,Moderate
image_731,7.64,0.8215,0.997,44.31,Moderate
image_732,5.49,0.7975,0.9931,40.13,Moderate
image_733,7.48,0.8502,0.9983,45.23,High
image_734,6.96,0.885,0.9996,45.85,High
image_735,3.43,0.8085,0.9844,37.49,Moderate
image_736,0.0,0.0,0.0872,0.0,Low
image_737,4.09,0.8339,0.9941,39.49,Moderate
image_738,8.01,0.8347,0.9973,45.4,High
image_739,0.02,0.5728,0.5995,22.95,Moderate
image_73,1.68,0.8327,0.9944,35.83,Moderate
image_740,0.0,0.0,0.1224,0.0,Low
image_741,16.35,0.8763,0.9999,59.57,High
image_742,3.42,0.8267,0.9895,38.2,Moderate
image_743,2.29,0.637,0.9009,28.92,Moderate
image_744,0.0,0.0,0.2788,0.0,Low
image_745,8.61,0.8874,0.9991,48.42,High
image_746,3.06,0.7869,0.9829,36.07,Moderate
image_747,23.04,0.9298,0.9997,71.75,Very High
image_748,3.68,0.8187,0.9951,38.27,Moderate
image_749,3.09,0.9357,1.0,42.06,Moderate
image_74,0.17,0.6797,0.8735,27.44,Moderate
image_750,4.62,0.6819,0.9823,34.21,Moderate
image_751,0.58,0.7764,0.9908,31.93,Moderate
image_752,4.02,0.9008,0.9998,42.05,Moderate
image_753,0.17,0.7307,0.9288,29.49,Moderate
image_754,6.17,0.723,0.9723,38.18,Moderate
image_755,12.03,0.8583,0.998,52.38,High
image_756,0.21,0.6481,0.8781,26.24,Moderate
image_757,0.01,0.5745,0.5885,23.0,Moderate
image_758,2.73,0.7651,0.9743,34.7,Moderate
image_759,0.23,0.7363,0.9564,29.79,Moderate
image_75,0.13,0.6954,0.9168,28.01,Moderate
image_760,0.32,0.8142,0.9811,33.05,Moderate
image_761,0.79,0.7232,0.9412,30.11,Moderate
image_762,2.08,0.8012,0.9979,35.17,Moderate
image_763,9.58,0.8697,1.0,49.16,High
image_764,0.04,0.6537,0.776,26.21,Moderate
image_765,4.85,0.851,0.9956,41.32,Moderate
image_766,0.68,0.7529,0.9428,31.13,Moderate
image_767,0.0,0.0,0.257,0.0,Low
image_768,3.93,0.842,0.9971,39.58,Moderate
image_769,15.89,0.8336,0.9987,57.18,High
image_76,0.52,0.7291,0.9526,29.94,Moderate
image_770,0.0,0.0,0.0805,0.0,Low
image_771,0.02,0.6238,0.6567,24.98,Moderate
image_772,3.72,0.8477,0.9971,39.49,Moderate
image_773,0.27,0.7023,0.8851,28.5,Moderate
image_774,39.32,0.9388,0.9998,96.54,Very High
image_775,3.41,0.8557,0.9961,39.34,Moderate
image_776,0.0,0.0,0.2083,0.0,Low
image_777,1.45,0.8385,0.9964,35.71,Moderate
image_778,1.05,0.7443,0.9712,31.35,Moderate
image_779,13.39,0.8776,1.0,55.18,High
image_77,0.04,0.5966,0.7773,23.93,Moderate
image_780,27.14,0.8921,0.9999,76.39,Very High
image_781,3.35,0.852,0.9967,39.11,Moderate
image_782,28.81,0.9267,1.0,80.29,Very High
image_783,41.11,0.8683,0.9996,94.73,Very High
image_784,0.26,0.8014,0.9693,32.44,Moderate
image_785,2.05,0.7831,0.9867,34.4,Moderate
image_786,17.47,0.8871,1.0,61.7,High
image_787,2.08,0.8101,0.9975,35.53,Moderate
image_788,0.2,0.804,0.9742,32.45,Moderate
image_789,1.78,0.7667,0.9943,33.33,Moderate
image_78,1.45,0.8016,0.9969,34.23,Moderate
image_790,0.06,0.5842,0.6696,23.46,Moderate
image_791,2.5,0.7755,0.9953,34.77,Moderate
image_792,0.74,0.8367,0.9923,34.58,Moderate
image_793,23.91,0.8833,1.0,71.2,Very High
image_794,4.27,0.7427,0.9982,36.11,Moderate
image_795,0.72,0.7699,0.9932,31.88,Moderate
image_796,13.31,0.8674,1.0,54.65,High
image_797,2.04,0.7984,0.9908,35.0,Moderate
image_798,3.0,0.8586,1.0,38.84,Moderate
image_799,29.63,0.9061,1.0,80.69,Very High
image_79,0.19,0.6936,0.8843,28.03,Moderate
image_7,9.16,0.8656,1.0,48.37,High
image_800,0.6,0.8821,0.9973,36.19,Moderate
image_80,1.93,0.8906,0.9919,38.52,Moderate
image_81,0.29,0.6925,0.8857,28.14,Moderate
image_82,0.0,0.0,0.0733,0.0,Low
image_83,0.0,0.0,0.1637,0.0,Low
image_84,0.31,0.7046,0.8715,28.64,Moderate
image_85,0.14,0.683,0.8288,27.53,Moderate
image_86,0.77,0.6682,0.8381,27.88,Moderate
image_87,6.31,0.761,0.9984,39.91,Moderate
image_88,0.0,0.0,0.4269,0.0,Low
image_89,0.09,0.6952,0.8297,27.94,Moderate
image_8,2.26,0.7987,0.9979,35.35,Moderate
image_90,0.0,0.0,0.079,0.0,Low
image_91,0.0,0.0,0.1494,0.0,Low
image_92,1.48,0.8227,0.9935,35.13,Moderate
image_93,2.3,0.7521,0.9638,33.53,Moderate
image_94,0.0,0.0,0.0727,0.0,Low
image_95,3.86,0.8495,0.9943,39.77,Moderate
image_96,5.43,0.8812,0.9992,43.39,Moderate
image_97,5.57,0.7149,0.9673,36.94,Moderate
image_98,0.94,0.7536,0.9747,31.55,Moderate
image_99,3.45,0.8782,0.9972,40.3,Moderate
image_9,0.02,0.6258,0.7246,25.06,Moderate
